perfume_name,image_url,,,
Time to Work | Ambroxan Boosted | Extrait de Parfum,https://www.scentari.in/cdn/shop/files/time-to-work50-Photoroom-2.jpg?v=1744463119&width=533,,,
Cascade Blue | Extrait de Parfum,https://www.scentari.in/cdn/shop/files/39.png?v=1744463106&width=533,,,
Cuban Reserve | Extrait de Parfum,https://www.scentari.in/cdn/shop/files/50MLBOTTLE-Photoroom-1-1.jpg?v=1744463134&width=533,,,
Mango Meteor | Extrait de Parfum,https://www.scentari.in/cdn/shop/files/50ml-Bottles-2025-03-12T200238.494-1.png?v=1744463113&width=533,,,
Chrome Forest | Extrait de Parfum,https://www.scentari.in/cdn/shop/files/50ml-Bottles-2025-01-11T204042.893.png?v=1744463093&width=533,,,
Sapphire Zest | Extrait de Parfum,https://www.scentari.in/cdn/shop/files/50MLBOTTLE-Photoroom_19.jpg?v=1744824790&width=533,,,
Divine Santal | Extrait de Parfum,https://www.scentari.in/cdn/shop/files/IMG-20241227-WA0017.jpg?v=1744463087&width=533,,,
Sacred Oudh | Extrait de Parfum,https://www.scentari.in/cdn/shop/files/IMG_0002-Photoroom.jpg?v=1744463095&width=533,,,
Savanna Fest | Extrait de Parfum,https://www.scentari.in/cdn/shop/files/50ml_Bottles_-_2025-05-03T211706.968.png?v=1746288278&width=533,,,
Rosa Mocha,https://www.scentari.in/cdn/shop/files/50ml-FINAL-Photoroom-scaled.jpg?v=1744463127&width=533,,,
Santal Dynasty | Extrait de Parfum,https://www.scentari.in/cdn/shop/files/50MLBOTTLE-Photoroom-15.jpg?v=1744463118&width=533,,,
Golden Glow Extrait de Parfum,https://www.scentari.in/cdn/shop/files/50MLBOTTLE-Photoroom-10.jpg?v=1744463084&width=533,,,
Frosted Glow | Extrait de Parfum,https://www.scentari.in/cdn/shop/files/50ml-Bottles-2025-01-04T125009.721.png?v=1744463092&width=533,,,
Amber Rose | Extrait de Parfum,https://www.scentari.in/cdn/shop/files/48.png?v=1745856652&width=533,,,
Island Elixir | Extrait de Parfum,https://www.scentari.in/cdn/shop/files/29.png?v=1744463138&width=533,,,
Phoenix Elixir | Extrait de Parfum,https://www.scentari.in/cdn/shop/files/50ml-Bottles-43.png?v=1744463116&width=533,,,
Tobacco Whisper | Extrait de Parfum,https://www.scentari.in/cdn/shop/files/tobacco-whisper-Photoroom-2.jpg?v=1744463131&width=533,,,
Ethereal Orris | Extrait de Parfum,https://www.scentari.in/cdn/shop/files/50ml_Bottles_-_2025-04-15T203152.758.png?v=1744730973&width=533,,,
Nordic Warrior | Extrait de Parfum,https://www.scentari.in/cdn/shop/files/50ml_Bottles_-_2025-04-19T230010.814.png?v=1745729976&width=533,,,
Cosmic Drift | Extrait de Parfum,https://www.scentari.in/cdn/shop/files/50ml_Bottles_-_2025-04-28T211627.573.png?v=1745855283&width=533,,,
Beyond Zenith | Extrait de Parfum,https://www.scentari.in/cdn/shop/files/47.png?v=1745730123&width=533,,,
Citrus Maverick | Extrait de Parfum,https://www.scentari.in/cdn/shop/files/50MLBOTTLE-Photoroom-11.jpg?v=1744463084&width=533,,,
Vetiver Equinox | Extrait de Parfum,https://www.scentari.in/cdn/shop/files/50ml_Bottles_-_2025-04-30T205314.621.png?v=1746026706&width=533,,,
Enchanted Crystal | Extrait de Parfum,https://www.scentari.in/cdn/shop/files/50MLBOTTLE-Photoroom-8.jpg?v=1744463134&width=533,,,
Crystal Bloom | Extrait de Parfum,https://www.scentari.in/cdn/shop/files/46_fa84db68-89fb-4b8a-b248-2214a13d98c8.png?v=1745847911&width=533,,,
Vriddhi | Extrait de Parfum,https://www.scentari.in/cdn/shop/files/heritage_18c48942-0e31-463e-bf4a-252f11ab41a3.png?v=1744736652&width=533,,,
Terra Oblivion | Extrait de Parfum,https://www.scentari.in/cdn/shop/files/Terra_Oblivion.png?v=1746628091&width=533,,,
Citrus Timber | Extrait de Parfum,https://www.scentari.in/cdn/shop/files/30.png?v=1744463113&width=533,,,
Day Cruiser | Extrait de Parfum,https://www.scentari.in/cdn/shop/files/50ml-Bottles-2025-03-30T120219.945.png?v=1744463112&width=533,,,
Verdant Frontier | Extrait de Parfum,https://www.scentari.in/cdn/shop/files/50MLBOTTLE-Photoroom-16.jpg?v=1744463089&width=533,,,
Meridian Voyage | Extrait de Parfum,https://www.scentari.in/cdn/shop/files/50ml-Bottles-2025-02-16T113751.560.png?v=1744463112&width=533,,,
Arctic Roar | Extrait de Parfum,https://www.scentari.in/cdn/shop/files/50ml-Bottles-2025-02-08T131613.210.png?v=1744463098&width=533,,,
Cosmic Pear | Extrait de Parfum,https://www.scentari.in/cdn/shop/files/50ml-Bottles-2025-02-21T185019.632.png?v=1744463111&width=533,,,
Citrus Essence | Extrait de Parfum,https://www.scentari.in/cdn/shop/files/50ml-Bottles-2025-01-31T195904.661.png?v=1744463099&width=533,,,
Country Road | Extrait de Parfum,https://www.scentari.in/cdn/shop/files/50ml-Bottles-2025-02-08T114807.802.png?v=1744463100&width=533,,,
Banjara |  Extrait de Parfum,https://www.scentari.in/cdn/shop/files/banjara-20-Photoroom-scaled.jpg?v=1744463098&width=533,,,
Foug√®re Dunes | Extrait de Parfum,https://www.scentari.in/cdn/shop/files/50ml-Bottles-2025-03-29T225724.070.png?v=1744463112&width=533,,,
Chrono Verde | Extrait de Parfum,https://www.scentari.in/cdn/shop/files/50ml-Bottles-2025-01-05T210837.132.png?v=1744463094&width=533,,,
Astral Waves | Extrait de Parfum,https://www.scentari.in/cdn/shop/files/38_32797ab4-bbaa-4e75-997c-fe1ddfb279c0.png?v=1744957844&width=533,,,
The Monarch | Extrait de Parfum,https://www.scentari.in/cdn/shop/files/50MLBOTTLE-Photoroom-17-scaled.jpg?v=1744463089&width=533,,,
Horizon Elixir | Extrait de Parfum,https://www.scentari.in/cdn/shop/files/50mlBottles_56.png?v=1746336312&width=533,,,
Saffron Stardust | Extrait de Parfum,https://www.scentari.in/cdn/shop/files/50MLBOTTLE-Photoroom-18-scaled.jpg?v=1744463080&width=533,,,
Vinyl Amethyst | Extrait de Parfum,https://www.scentari.in/cdn/shop/files/50ml-Bottles-2025-01-14T203418.095.png?v=1744463091&width=533,,,
Orient Caravan | Extrait de Parfum,No image,,,
Dark Patchouli | Extrait de Parfum,https://www.scentari.in/cdn/shop/files/50ml-Bottles-2025-03-02T220000.741.png?v=1744463101&width=533,,,
